NavId,Lat,Lon
AA,47.00905216,-96.8151835
AA,33.53328333,-82.61436944
AAA,40.16011666,-89.33801561
AAT,41.48335388,-120.56154166
AB,45.38610597,-98.32851091
AB,32.29886325,-99.67422802
ABG,32.58549538,-95.11311944
ABI,32.48133058,-99.86345369
ABQ,35.04379558,-106.81631191
ABQ,35.03819,-106.60841805
ABR,45.41735666,-98.36871961
ACE,59.64133444,-151.50027377
ACH,35.11170611,-105.03992888
ACK,41.28187505,-70.02670386
ACO,41.10790311,-81.20151891
ACT,31.66223102,-97.26901383
ACV,40.98144275,-124.108319
ACY,39.4558748,-74.57631472
ADG,41.86998583,-84.07748077
ADK,51.87187647,-176.6759875
ADM,34.21158619,-97.16822802
ADW,38.80721944,-76.86625555
AE,35.21740108,-106.71280038
AEL,43.681735,-93.37075511
AEX,31.25673163,-92.50097241
AG,33.28688547,-81.94685313
AGC,40.27864386,-80.04085469
AGJ,31.1855045,-98.14185786
AGZ,43.06339127,-98.29316833
AHC,40.26786288,-120.15196541
AHN,33.94759358,-83.32475877
AHQ,41.23900138,-96.59866061
AI,40.0695273,-85.51068694
AI,34.23234622,-96.93310883
AIA,42.05563094,-102.80444361
AIK,33.6518005,-81.67697219
AIR,40.01702408,-80.81722894
AJA,13.45350525,144.73693305
AK,41.06973336,-81.38736763
AKN,58.72471258,-156.75234675
AKO,40.15555508,-103.17971469
AKQ,36.98281877,-77.00097261
AKW,55.56862102,-133.08139586
AL,46.17556583,-118.19635925
ALB,42.74728047,-73.80318397
ALB,42.74230002,-73.82206588
ALD,33.01249422,-81.29223222
ALI,27.7397995,-98.02134288
ALJ,60.47982222,-146.58743055
ALO,42.55649655,-92.39892391
ALP,42.23870361,-76.76397125
ALS,37.34915894,-105.81553269
ALW,46.08697675,-118.29253527
AM,35.14646494,-101.80554686
AMG,31.536555,-82.5080888
AML,38.93459247,-77.46670175
AN,33.53433844,-85.93127041
ANC,61.16666855,-149.99453897
ANI,61.59015666,-159.59789272
ANN,55.06040861,-131.57839944
ANU,17.12588055,-61.80016666
ANW,42.56911388,-99.98966111
ANX,39.09542388,-94.12883472
ANY,37.15898202,-98.17077363
AP,44.96079108,-83.55993533
APA,39.57514111,-104.84517533
APE,40.15106272,-82.58830136
APN,45.08277863,-83.5570035
AQ,44.21594777,-88.39893902
AQE,35.70689011,-77.37187452
ARD,40.25334247,-74.90761238
ARG,36.11001991,-90.9536933
ARH,31.58558136,-110.33898427
ART,43.95213166,-76.06462686
ASP,44.44912813,-83.39428336
AST,46.20843611,-123.96542555
AST,46.16169902,-123.88037527
AT,39.84693708,-84.33492308
ATA,33.10420219,-94.19006172
ATR,38.80981022,-75.21132236
ATY,44.97968638,-97.14172236
AU,44.41091938,-69.86066622
AUG,44.32002036,-69.7965643
AUR,30.19852061,-93.4206403
AVE,35.64697555,-119.97860555
AW,48.07611997,-122.15391163
AWK,19.28658611,166.62731944
AXC,39.73752147,-88.8564315
AXN,45.95838825,-95.23263483
AY,31.32580663,-82.3977785
AYS,31.26942527,-82.55644555
AZ,42.13116327,-85.52974736
AZN,39.88381844,-94.90815188
AZO,42.23698591,-85.55315175
AZQ,37.3912573,-83.26300508
BA,39.32199338,-85.81859958
BAB,39.13479488,-121.44075797
BAD,32.50333888,-93.66776944
BAE,43.11685325,-88.28434405
BAF,42.16195908,-72.7161995
BAL,39.17106341,-76.66125625
BAM,40.56908061,-116.92225627
BAR,36.15345944,-81.87983527
BCE,37.68918744,-112.3039023
BDA,32.36438611,-64.6895725
BDE,48.72279663,-94.60728777
BDF,41.15973138,-89.58787305
BDH,45.11767052,-95.12706136
BDL,41.93254722,-72.687075
BDR,41.16070566,-73.1244863
BDR,41.16138888,-73.12583333
BED,42.46527222,-71.28898055
BER,51.87123055,-176.67411111
BET,60.784837,-161.82432983
BFD,41.78638658,-78.61934855
BFF,41.894163,-103.48203161
BFI,47.52918805,-122.30428138
BFL,35.42495833,-119.04676944
BFM,30.61272105,-88.05549347
BFV,35.23694444,-99.20616666
BGD,35.80707252,-101.38215258
BGI,13.07504722,-59.48383055
BGQ,61.5694325,-149.96715905
BGR,44.84179497,-68.87396533
BGS,32.38558833,-101.48368277
BH,33.51152341,-86.84559205
BHC,31.71202388,-82.39017077
BHM,33.56321527,-86.75548944
BIB,38.92034533,-88.48180463
BIE,40.30142758,-96.75464519
BIG,64.00446111,-145.71724722
BIH,37.37694991,-118.36652638
BIL,45.80855919,-108.62464758
BIS,46.76176119,-100.66540711
BIX,30.40708611,-88.92971388
BJA,44.47693647,-73.1567568
BJB,43.42197161,-88.12518125
BJC,39.91304025,-105.13898577
BK,44.35452666,-96.94681527
BKA,56.85940944,-135.55131222
BKE,44.84059947,-117.80786827
BKF,39.70738611,-104.75238611
BKT,37.12742819,-78.04454341
BKW,37.78029966,-81.1234555
BLD,35.99579022,-114.86357888
BLF,37.3064403,-81.19426936
BLH,33.59606463,-114.76127336
BMI,40.48080469,-88.93126641
BML,44.63353333,-71.18619166
BMW,33.93535852,-83.58948041
BNA,36.13696036,-86.68477116
BNZ,30.06114641,-92.12327991
BO,36.39862797,-82.49626663
BOI,43.55281141,-116.19212561
BOI,43.55595,-116.21963611
BOS,42.35744991,-70.98954838
BOS,42.35704536,-70.99016872
BOY,43.46315194,-108.29971222
BPI,42.57944744,-110.10921386
BPT,29.94605402,-94.01622077
BQN,18.49840327,-67.10842158
BQP,32.7546845,-91.88343386
BQS,39.63055555,-93.87527777
BQU,40.75967661,-115.76137625
BQZ,40.4637635,-106.8723015
BR,46.4566203,-94.02243002
BR,25.98366283,-97.50909794
BR,40.65435738,-91.12322608
BRA,35.27275169,-82.47103705
BRG,34.64972222,-106.83305555
BRK,38.9445103,-104.63346708
BRL,40.72345583,-90.92588972
BRO,25.92407216,-97.3752683
BRV,38.33625733,-77.35286552
BRW,71.2734263,-156.7881178
BRX,29.20856972,-100.62397305
BSR,36.18129555,-121.64211222
BSV,40.74070638,-81.43211711
BT,30.58291925,-91.21107913
BT,42.36198636,-85.18441508
BTG,45.74781102,-122.59153655
BTT,66.90500841,-151.53588286
BTV,44.39710472,-73.18263472
BTV,44.47082041,-73.1554578
BTY,36.80059727,-116.7476403
BU,43.00031536,-78.65077272
BU,39.819279,-83.204632
BUA,45.55220194,-103.45637055
BUD,40.61659738,-83.06382638
BUF,42.9289915,-78.64634947
BUF,42.939225,-78.73419722
BUM,38.27208011,-94.48826111
BUP,44.69771838,-69.35859227
BUU,42.68932377,-88.30177905
BV,35.70320869,-91.79770788
BVG,31.33939166,-85.98194166
BVL,40.7260975,-113.75741722
BVO,36.83433472,-96.01843097
BVS,48.46859833,-122.41841305
BVT,40.55617161,-87.06937447
BVY,42.61059388,-70.94327361
BW,36.88003702,-86.48159788
BWD,31.89258252,-98.95746019
BWG,36.96444444,-86.42333333
BWS,32.82126111,-106.01315277
BWZ,40.79843277,-74.8218325
BXK,33.45345869,-112.82459369
BXR,45.82127777,-92.36641666
BYI,42.58023936,-113.86585758
BYP,33.53748611,-96.23409444
BYT,41.93056166,-72.69987277
BZA,32.7681075,-114.60294638
BZJ,40.43564722,-76.55302222
BZM,35.86885388,-81.24052888
BZN,45.78389891,-111.15545488
BZQ,32.41537355,-81.66403297
CA,38.14492777,-97.27614444
CAE,33.85724986,-81.0539028
CAK,40.91627916,-81.44205888
CAM,42.99428883,-73.34401891
CBM,33.64153333,-88.43857222
CBU,45.588631,-122.61125241
CCC,40.92961883,-72.79885825
CCR,38.0449203,-122.0452073
CCT,37.38242172,-87.26370347
CCV,37.34753888,-75.99765277
CD,42.75518016,-103.17465852
CDB,55.26729461,-162.77399627
CDO,18.43415833,-69.66734166
CDS,34.36906502,-100.28902758
CE,30.85285316,-86.53660963
CEC,41.77957883,-124.24084708
CEF,42.19754433,-72.52631494
CEP,33.48988586,-105.40433775
CEW,30.82617375,-86.67914327
CEZ,37.38984977,-108.5617515
CFB,42.15749036,-76.13647161
CFJ,39.98094905,-86.91572175
CFX,40.23674372,-81.01329447
CFY,33.85568352,-79.76593152
CG,37.25334716,-89.70045675
CGG,44.68141816,-84.72859688
CGI,37.22753908,-89.57241108
CGL,58.35932547,-134.699451
CGT,41.51000658,-87.57154611
CH,32.97632419,-80.09745494
CHE,40.52008166,-107.30490102
CHS,32.89431919,-80.03781427
CI,46.33252927,-84.54246672
CID,41.8875478,-91.78574891
CIM,36.49139694,-104.87199972
CIP,41.14629333,-79.45797386
CJ,39.79439552,-89.59222483
CK,36.52705713,-87.38675636
CKB,39.2532178,-80.26786161
CKC,47.84005397,-90.3855725
CKH,21.26511222,-157.70298138
CKV,36.62198602,-87.41265922
CKW,41.75570944,-107.58198222
CL,30.49377222,-96.33779494
CLE,41.41895558,-81.85007147
CLL,30.60500172,-96.42068075
CLT,35.19028866,-80.95175344
CLT,35.22472222,-80.95666666
CM,39.96618755,-88.18239252
CMA,34.21252102,-119.09435519
CME,33.33747477,-104.62124491
CMI,40.03453125,-88.2760755
CMJ,55.34217341,-131.69076516
CMK,41.28008941,-73.58132641
CMX,47.17026166,-88.485393
CMY,43.93782425,-90.64185769
CNG,37.00860927,-88.83691277
CNH,43.36917425,-72.37117311
CNM,32.25661338,-104.22603761
CNP,41.07665555,-102.45888222
CNT,38.66833333,-115.59888888
CNU,37.62615902,-95.59347025
CNX,34.36701527,-105.67800472
CO,38.6944033,-104.71634602
CO,43.11877694,-71.45242944
COD,44.62045152,-108.96491725
COE,47.77369722,-116.82058833
COF,28.23768333,-80.61175833
COL,40.31162952,-74.15972847
CON,43.219787,-71.575453
COR,36.06605555,-119.53094444
COS,38.81638333,-104.69913888
COT,28.46201766,-99.11854502
COU,38.81082333,-92.21827388
COY,17.73450222,-64.70075255
CP,38.51988497,-90.05927033
CPC,34.27322686,-78.71197222
CPN,46.032,-112.74752777
CPZ,28.87843738,-99.99438172
CQN,35.16653883,-85.15737197
CQX,41.69193388,-69.9877475
CQY,32.18572222,-96.21810277
CRE,33.81384094,-78.72452211
CRG,30.33887919,-81.50992733
CRI,40.61246927,-73.89446313
CRL,42.04802655,-83.45757291
CRN,61.10175,-155.56864722
CRP,27.90376591,-97.44488133
CS,32.45193808,-85.04197333
CSG,32.61525219,-85.01762886
CSI,29.92235447,-99.21448569
CSN,38.64120213,-77.86549941
CSS,39.60089025,-83.39159236
CSX,38.75274441,-90.36095961
CSZ,32.06349638,-95.95762083
CTB,48.56494852,-112.34325438
CTF,34.65049805,-80.27491636
CTR,42.29131861,-72.94939416
CTW,40.22920861,-81.47647666
CTY,29.59900069,-83.048792
CTZ,34.97509483,-78.36193913
CUN,64.83858402,-147.49507838
CUS,31.8191005,-107.57449383
CUZ,41.4839755,-99.68904775
CV,32.26679152,-104.33851213
CVA,41.70854841,-90.48331366
CVC,33.631225,-83.84835
CVE,32.89031033,-96.90396691
CVG,39.01598077,-84.70334633
CVI,36.37291388,-76.87154472
CVO,44.49956536,-123.29366011
CVS,34.38058608,-103.32242413
CVV,48.24469444,-122.72441666
CW,30.30663672,-93.19619697
CWK,30.37855,-97.52984722
CX,30.43207958,-95.47626608
CXR,41.51692791,-81.16318588
CYN,39.81733791,-74.43162572
CYR,30.88816916,-84.1593308
CYS,41.21096702,-104.77291497
CYY,26.15342747,-81.77810319
CZF,61.77601433,-166.04343716
CZF,61.79037827,-165.9700603
CZI,43.99972777,-106.43573055
CZJ,31.83287663,-94.15378391
CZQ,36.88432222,-119.81514444
DAG,34.96245694,-116.57816638
DAL,32.855175,-96.8472
DAS,30.18971172,-94.64498444
DAY,39.8980788,-84.21523202
DBL,39.43934527,-106.89468027
DBN,32.56346013,-82.83004477
DBQ,42.40146908,-90.709078
DBS,44.08885333,-112.20934333
DCA,38.85945277,-77.03643611
DCM,34.78575333,-81.20082936
DCU,34.64831455,-86.93951275
DD,39.74297013,-83.02027402
DDC,37.85056075,-100.00563733
DDD,41.36629944,-91.14927925
DDP,18.46827861,-66.41239222
DDY,43.09085638,-106.27702444
DE,39.79045072,-88.95388813
DEC,39.87637133,-88.76467866
DEL,28.21415555,-105.44856666
DEN,39.81251405,-104.66074008
DEN,39.870467,-104.65483177
DET,42.40503722,-83.01630944
DGD,37.02346916,-92.87692277
DGG,68.03248611,-162.90416944
DHK,29.53695,-98.26781388
DHP,25.79996275,-80.34903508
DHT,36.09145652,-102.54464163
DIK,46.86003886,-102.77349983
DJB,41.35806497,-82.16196869
DJN,64.02345638,-145.68682666
DKK,42.4904,-79.27410277
DL,46.84571897,-92.35493738
DLF,29.36089166,-100.771725
DLG,58.99423375,-158.55221955
DLH,46.8021638,-92.20286919
DLL,43.55083561,-89.76362247
DLN,45.24857391,-112.5471298
DMA,32.15991583,-110.88090944
DMN,32.27555141,-107.60550127
DN,40.28959036,-87.52994391
DNI,33.82649911,-96.66889291
DNJ,44.76711258,-116.20626575
DNV,40.29376627,-87.55726016
DNW,43.82827805,-110.33547444
DNY,42.17828055,-74.95694055
DOB,33.91465277,-84.50731111
DOV,39.1324,-75.46740833
DPA,41.89037147,-88.35017747
DPK,40.79176669,-73.30367738
DPR,45.07817527,-101.71507138
DPY,47.96773886,-117.42632875
DQN,40.0164443,-84.39689811
DQO,39.67814013,-75.60708558
DR,29.44269444,-100.992275
DRK,34.70255225,-112.48034163
DRO,37.15325975,-107.74962591
DS,35.12251111,-91.76160555
DSD,44.25276077,-121.30355233
DSM,41.4376248,-93.64855794
DSM,41.53899808,-93.65742563
DT,33.28310141,-97.19626219
DTA,39.30226216,-112.50555938
DTL,46.82552372,-95.88732269
DTW,42.23166666,-83.35833333
DUG,31.47267361,-109.60205363
DUT,53.90514602,-166.54786775
DVC,37.80873972,-108.93127388
DVK,37.57642277,-84.76403333
DVL,48.1152213,-98.91251575
DVN,41.61221388,-90.58496388
DVV,39.89468941,-104.624335
DWG,30.47823888,-86.52085833
DWN,45.0874625,-94.45384972
DXB,30.75213486,-93.33474755
DXO,42.21313622,-83.36666327
DYB,33.0614578,-80.27718622
DYO,43.706144,-72.95660341
DYR,36.01854966,-89.31769163
DYS,32.41851111,-99.85705
DYY,37.6117663,-118.00816888
EAR,40.72560386,-99.00512536
EAT,47.39969238,-120.21082744
EAU,44.89767002,-91.47853497
ECB,38.1583625,-82.91005472
ECG,36.25757308,-76.17559775
ECH,55.35678161,-131.70923172
ECK,43.25588555,-82.71792944
ECS,43.88112802,-104.30777097
EDF,61.25500833,-149.769175
EDN,31.29637222,-85.90273611
EDW,34.98236277,-117.73260833
EEA,39.47986944,-115.99185555
EED,34.76600416,-114.47410416
EEF,58.17096638,-135.2579175
EEN,42.79427777,-72.29177777
EFD,29.60595833,-95.15965225
EHF,35.48455436,-119.09729363
EHK,37.78733,-113.06823055
EHM,58.65602222,-162.07374444
EIC,32.77136472,-93.80992916
EIL,64.65379444,-147.09397777
EKN,38.91443583,-80.0992725
EKR,40.06744188,-107.92494958
EL,33.28606897,-92.72814963
ELA,29.66247941,-96.31712252
ELB,33.67603566,-117.73109125
ELD,33.2561538,-92.74394775
ELF,55.29614947,-162.78924052
ELN,47.02437419,-120.45841355
ELO,47.82189961,-91.83014033
ELP,31.81591027,-106.28188283
ELP,31.80444444,-106.36611111
ELW,34.41918616,-82.78468372
ELX,42.14441236,-86.12270577
ELY,39.29812588,-114.84830477
ELZ,42.08965069,-77.99954897
EMG,32.40040555,-93.59514722
EMI,39.49500738,-76.97857197
EMP,38.29114488,-96.13811119
EMR,33.46280694,-81.99685636
ENA,60.61470211,-151.19524266
END,36.34496666,-97.91835555
ENE,43.42567213,-70.61352547
ENI,39.05321675,-123.27432666
ENL,38.41999869,-89.1589978
ENM,62.78458847,-164.48753397
ENN,64.59000691,-149.07285783
ENO,39.23164669,-75.51596994
ENW,42.599077,-87.93167166
EOE,34.31103766,-81.63632858
EON,41.26963236,-87.79105347
EOS,36.84244841,-94.4357008
EPH,47.37791888,-119.42400388
EQQ,33.25694452,-84.71327
ERI,42.01739691,-80.29269816
ES,45.72273002,-87.22483744
ESC,45.72263527,-87.08959827
ESG,43.22022088,-70.82834794
ESL,39.22549277,-78.9895
ETG,41.21494972,-78.14275638
ETL,38.04025222,-108.25857444
ETX,40.58103902,-75.68403013
EUF,31.95025077,-85.1304795
EUG,44.12089841,-123.22283125
EVW,41.27248775,-111.0467665
EW,35.02162422,-77.07946183
EWA,32.36766666,-88.45716666
EWC,40.82493266,-80.21154555
EWM,31.95178611,-106.27245833
EWN,35.07314138,-77.0450658
EWO,37.63181138,-85.6758775
EWR,40.67434444,-74.17796666
EWR,40.703384,-74.18742252
EYW,24.58587827,-81.80047633
EZF,38.26634794,-77.45050913
EZM,32.13169205,-83.15394247
FAH,43.7687865,-87.84876863
FAI,64.80007047,-148.01197588
FAK,37.52850944,-77.82821916
FAM,37.67346288,-90.23406127
FAR,46.75333691,-96.85131897
FAY,34.98555122,-78.87506386
FBC,40.95533383,-83.75602461
FBR,41.37843997,-110.42406122
FBY,40.17667263,-97.16582441
FCA,48.21410244,-114.17589072
FCM,44.82535008,-93.44268869
FCS,38.68069852,-104.75692025
FDK,39.41223608,-77.37511608
FDV,64.49474644,-165.3150973
FF,46.21981633,-96.05768463
FFC,33.30091938,-84.48642669
FFM,46.28935194,-96.15681111
FFO,39.81897777,-84.05548055
FFT,38.18242302,-84.90862316
FFU,40.27489461,-111.9405315
FGT,44.63095286,-93.18205308
FHR,48.51213586,-123.02386227
FHU,31.58965605,-110.35494247
FIM,34.35669361,-118.88129111
FIQ,35.71021386,-81.67135411
FJC,40.72668727,-75.45474519
FJS,41.44966916,-122.8064475
FK,36.73700502,-87.41385227
FKL,41.43849833,-79.85670594
FLG,35.14719783,-111.67416277
FLL,26.07394338,-80.16644183
FLM,38.64944141,-84.31060166
FLO,34.23296813,-79.657161
FLP,36.29964627,-92.45838894
FLW,35.09308444,-119.86557861
FM,26.51612938,-81.95026975
FMG,39.53127736,-119.65607586
FMZ,40.58994577,-97.56805075
FND,39.28735172,-76.77701755
FNT,42.9667665,-83.7469878
FNX,43.63775741,-94.41319816
FO,42.514493,-94.30557825
FOD,42.61112497,-94.29481613
FOE,38.94737016,-95.66117905
FOE,38.95166675,-95.66694452
FOF,14.59075,-61.02280555
FOK,40.83777505,-72.631841
FOT,40.67127158,-124.23453625
FOW,44.20444444,-93.3705
FQ,43.57365541,-94.31798061
FQF,39.69013888,-104.62097222
FQM,41.3385585,-76.77486658
FR,40.77651602,-73.48245663
FRA,37.10442083,-119.59544555
FRI,38.97016411,-96.86117227
FS,43.49396444,-96.82906
FSD,43.64949047,-96.78112502
FSI,34.78137361,-98.40230444
FSM,35.38840763,-94.27152422
FST,30.95210705,-102.97571136
FT,32.89308875,-97.37333763
FTI,35.6575495,-105.13559641
FTK,37.90721691,-85.97256363
FTW,32.82000277,-97.36413888
FTZ,38.69433369,-90.97126933
FUZ,32.8894488,-97.17942588
FVI,41.01616666,-121.43341666
FVQ,33.13017222,-117.2759
FWA,40.9790643,-85.18805811
FWC,38.38017647,-88.40934888
FXU,31.11146138,-93.21917472
FYU,66.57425377,-145.27665708
FZ,38.67736102,-90.54732025
FZT,32.07460416,-95.53079055
GAD,33.97640305,-86.08355694
GAL,64.73812777,-156.77713611
GAM,63.7818755,-171.73677822
GB,42.87388811,-78.81645197
GB,38.25164827,-98.85587094
GB,44.50206313,-95.91097344
GBG,40.93734333,-90.43446361
GBN,32.95625833,-112.67427166
GC,44.27090325,-105.52223458
GCC,44.34777291,-105.54348588
GCK,37.91900372,-100.72500863
GCN,35.96034027,-112.14604627
GCO,41.99408888,-87.90232777
GCR,60.49875625,-145.47446722
GCV,31.09795972,-88.48612888
GDE,30.07047208,-94.21103544
GDM,42.54592083,-72.05818822
GDV,47.13337222,-104.80473888
GEE,42.83439638,-77.73275083
GEF,30.55134166,-83.78313277
GEG,47.56494583,-117.62688583
GEG,47.61363888,-117.52786111
GEP,45.14568488,-93.37318094
GF,43.25501361,-73.60511111
GF,47.84646475,-97.18151691
GFK,47.95483336,-97.18537044
GFS,35.13114527,-115.17644027
GGF,40.87094055,-101.73045
GGG,32.41775586,-94.7531945
GGT,42.78895583,-75.82674722
GGW,48.21530436,-106.62541916
GHJ,35.19147088,-81.15785552
GHM,35.83394197,-87.45180066
GIJ,41.76861125,-86.31845188
GKN,62.15375305,-145.44736494
GL,45.01465197,-84.80796494
GLD,39.38786783,-101.69229655
GLH,33.52353083,-90.9829375
GLJ,34.95237352,-120.52148088
GLL,40.50386561,-104.55301322
GLR,45.01248583,-84.70427872
GM,34.78016758,-82.3497875
GM,34.33729627,-77.81178238
GMA,44.36234363,-71.6859055
GMN,34.80402861,-118.86136027
GNL,31.58147663,-96.54908936
GNP,35.92090033,-95.96865141
GNV,29.69211469,-82.27297244
GOG,35.89425,-115.49608333
GOI,37.95873925,-85.97667113
GON,41.33040205,-72.05198461
GON,41.325,-72.05055555
GP,30.48561888,-89.16231594
GPQ,33.565759,-85.13097775
GPT,30.40683133,-89.07678122
GPZ,47.16344363,-93.4889325
GQE,35.34702972,-90.47815888
GQO,34.96127361,-85.15336902
GR,42.89564205,-85.37864311
GR,44.44047108,-88.23951983
GRB,44.55516002,-88.19485719
GRD,34.25156611,-82.15414888
GRI,40.98402777,-98.31477777
GRK,31.03288647,-97.81379102
GRN,42.80108213,-102.179394
GRO,14.17161522,145.239999
GRV,39.63506666,-79.05056666
GSB,35.33519805,-77.97131716
GSH,41.52515516,-86.02795322
GSO,36.045693,-79.976371
GSU,33.63356388,-84.41218888
GTF,47.44998008,-111.41216475
GTH,33.77827722,-100.33619638
GTK,21.44065822,-71.13436616
GTN,38.92989919,-77.12421577
GTP,30.95755522,-83.82667147
GUP,35.47600072,-108.87261452
GUS,40.64490555,-86.15171388
GUY,36.70536619,-101.50509519
GVB,30.88161366,-89.86211736
GVE,38.01359938,-78.15302658
GVO,34.53132016,-120.09108827
GVR,38.75833888,-85.47064444
GW,41.30828633,-84.94408136
GXU,40.009475,-74.59651111
GYG,44.74995713,-84.8282205
GYZ,42.23992236,-104.71428261
GZG,36.82510116,-82.07897425
HAB,34.19876963,-88.01161836
HAH,31.6903025,-91.29310008
HAR,40.30223972,-77.06955888
HAU,46.56890016,-111.75806372
HB,35.97811866,-79.58484094
HBR,34.86655447,-99.06338497
HBT,55.31566647,-160.51839427
HBU,38.45211641,-107.03971411
HCH,35.78101305,-84.97845222
HCM,37.44865988,-76.71135391
HCT,40.45406083,-100.92357333
HDF,33.77632975,-117.18532438
HEC,34.79701791,-116.46292202
HEM,35.98799458,-85.58629616
HET,35.40454638,-96.01388833
HEU,42.8541773,-73.93348972
HEY,31.37413611,-85.65277777
HEZ,31.61817822,-91.29964541
HFD,41.64110469,-72.547418
HFD,41.73493333,-72.65143055
HGO,38.8175,-103.62138888
HGR,39.69772661,-77.85571811
HGT,35.96116666,-121.18916666
HHH,29.13832363,-98.9392615
HHM,66.90126397,-162.56438238
HIA,45.86178761,-112.16960852
HIB,47.3015313,-92.70404316
HIF,41.12050277,-111.96368055
HIN,42.82883472,-103.09374386
HIO,45.54055555,-122.94861111
HK,35.78652377,-81.30530725
HKY,35.7420038,-81.38967572
HLC,39.25874666,-100.22585027
HLE,43.32977886,-114.2436898
HLG,40.2599018,-80.56862483
HLI,34.77024541,-89.49651891
HLN,46.60682138,-111.95347516
HLV,39.11354083,-92.12823388
HML,48.86918533,-97.11790219
HMN,32.86210388,-106.10912166
HMV,36.43705555,-82.1296
HN,21.32470933,-158.04899961
HNK,42.06305694,-75.31628444
HNL,21.30832169,-157.93041113
HNL,21.31866972,-157.93038483
HNN,38.75412463,-82.02616761
HNW,38.72472547,-120.74926341
HO,34.42255691,-93.18967619
HO,44.44386933,-98.33678772
HOB,32.63823761,-103.26929894
HOM,59.70942916,-151.45659894
HON,44.44008333,-98.31108475
HOT,34.47859511,-93.09061083
HOU,29.64514722,-95.27868611
HP,30.60635052,-90.42117072
HPB,61.51434738,-166.13448055
HPC,33.7181163,-93.6507918
HPW,37.32887,-77.11594361
HQM,46.94704041,-124.14926888
HQT,35.43300722,-78.674776
HRK,42.76216697,-87.81472186
HRL,26.22922547,-97.65226427
HRO,36.31830797,-93.21327158
HRS,34.94299769,-83.91567363
HRT,30.42803391,-86.69029583
HRU,38.69265905,-96.8110345
HRV,29.85019472,-90.00298416
HS,30.45134488,-89.45551283
HSI,40.60453719,-98.42961752
HSL,65.70787619,-156.36308652
HST,25.48997961,-80.37941336
HTO,40.91899572,-72.31670436
HU,38.12361886,-97.92688413
HU,39.38781766,-87.39772322
HUH,48.94528686,-122.57925472
HUL,46.03949386,-67.83414
HUO,41.40968661,-74.59159425
HUP,31.56870166,-105.37631861
HUT,37.99691897,-97.93415138
HUW,36.87138402,-91.89999175
HVE,38.41680833,-110.69974061
HVN,41.26231288,-72.88519019
HVQ,38.349676,-81.76991455
HVR,48.54046161,-109.769987
HVS,34.40653044,-80.11977552
HW,39.35344241,-83.87579225
HXO,36.30122177,-78.61851002
HXW,36.65930361,-87.51113583
HY,38.76922825,-99.25128075
HYK,37.96634941,-84.47252769
HYP,37.21943255,-120.40021836
HYR,46.01900694,-91.44639572
HYS,38.84765663,-99.27679108
HZN,39.51640008,-118.99768658
IA,43.10911077,-78.8382995
IAB,37.62185255,-97.26819247
IAG,43.1125455,-78.96023952
IAH,29.95691702,-95.34571902
IC,37.57816341,-97.45581461
ICT,37.74525719,-97.58382833
ICT,37.63703527,-97.43375997
ICW,64.5456913,-149.07687688
IDA,43.51900525,-112.06391694
IDJ,47.50770677,-94.92330891
IDQ,46.06547222,-116.46475
IDU,29.95561111,-96.56197222
IFI,35.80526611,-98.00391527
IGB,33.4854873,-88.51359002
IGM,35.26051327,-113.93408141
IGN,41.66545161,-73.82223925
IHD,39.97424166,-79.3583675
IHS,38.6785138,-104.75320227
IIP,42.6761018,-105.22622433
IIU,38.10346438,-85.57743658
IJX,39.77652102,-90.23860527
IK,41.01782488,-87.90376841
IKK,41.0743785,-87.85016341
IL,31.02409525,-97.70812358
IL,39.58126152,-75.61394222
IL,34.19136627,-77.86631266
IL,39.49303261,-83.73818113
ILA,39.07117363,-122.02726975
ILC,38.25019277,-114.39422638
ILI,59.74807711,-154.90963925
ILM,34.35164822,-77.87438038
ILR,43.59312258,-118.95504925
IM,35.53286558,-82.58744038
IMB,44.64839166,-119.71163138
IMP,30.26405527,-103.23711944
IMT,45.81604369,-88.11213636
IND,39.73254444,-86.30804722
INK,31.87476336,-103.24377722
INL,48.56579833,-93.40567777
INS,36.58499761,-115.6703313
INW,35.06159977,-110.79501961
IOW,41.51896019,-91.61325252
IPL,32.74886661,-115.50858202
IRK,40.13501772,-92.59171463
IRQ,33.70735333,-82.16206444
IRS,41.8131435,-85.43378513
IRW,35.35859655,-97.60922822
IS,35.24387572,-77.69838838
IS,40.72902211,-73.19023211
ISN,48.25341347,-103.75066063
ISO,35.37094752,-77.55831522
ISP,40.78951266,-73.10241066
ISQ,45.97633505,-86.1734363
ITH,42.49502661,-76.45972688
ITO,19.72135055,-155.01095416
ITR,39.24624672,-102.28384516
IWA,33.30316938,-111.65143538
IWD,46.53225625,-90.12585019
JA,30.46504247,-81.80164788
JAC,43.6210375,-110.73168527
JAN,32.31042222,-90.06536388
JB,34.54581938,-79.13851352
JBR,35.87491591,-90.58850372
JCT,30.59802113,-99.817481
JD,38.47800425,-89.73796352
JE,38.54804769,-92.07164891
JEF,38.59669444,-92.16746666
JEN,32.15958888,-97.87768055
JFK,40.63288377,-73.77139175
JFN,41.76011711,-80.74811116
JH,32.41304811,-90.26137886
JHW,42.18860694,-79.12130763
JJH,42.9994183,-74.33143833
JL,37.20306577,-94.55856716
JLI,33.14045861,-116.58593472
JMS,46.93287163,-98.67876963
JN,40.18092288,-85.32098216
JN,35.47499913,-78.42528563
JNC,39.05956555,-108.79257388
JNU,58.35914722,-134.63325277
JOH,60.48095222,-146.59933527
JOT,41.54641852,-88.31841055
JPU,39.44118036,-81.37476047
JST,40.31672561,-78.8341665
JV,38.47396513,-85.73722561
JVL,42.55800813,-89.10525736
JWJ,42.111293,-92.90874602
JXN,42.25923975,-84.45854933
JYR,40.89754722,-97.61701277
JZ,38.91365186,-95.15375097
JZY,40.51810375,-90.5604398
KOA,19.71723888,-156.0449203
KSY,29.39158611,-98.58105277
LA,40.42644577,-87.05208169
LAA,38.19709202,-102.68753233
LAH,43.70226388,-72.17746252
LAL,27.98619716,-82.01390436
LAR,41.33782038,-105.72093263
LAS,36.07970147,-115.15979791
LAW,34.49618191,-98.41309444
LAX,33.93314911,-118.43201277
LAX,33.74585083,-118.33618305
LB,36.96460711,-100.95626466
LBB,33.70495069,-101.91401038
LBF,41.04870452,-100.74709763
LBL,37.04439533,-100.97120405
LBV,26.828185,-81.39143833
LBY,31.41868272,-89.337602
LC,39.88107163,-82.83601391
LCH,30.14151361,-93.10556916
LCU,41.36295166,-113.84061944
LD,33.66268891,-101.72310747
LDK,33.25887352,-87.536887
LDN,38.85439844,-78.20557108
LEB,43.6788563,-72.21607369
LEM,45.91976611,-102.10363305
LEV,29.17522944,-90.10401916
LF,30.28929361,-91.90789108
LF,31.21887772,-94.825161
LFI,37.0855568,-76.35940794
LFK,31.16244188,-94.71683261
LFT,30.19381455,-91.99257133
LFV,42.01718772,-70.03723258
LGA,40.78371475,-73.86859913
LGC,33.04911877,-85.20622144
LGD,45.34248988,-117.962717
LH,40.56035158,-88.87463369
LHO,41.79289761,-112.00977083
LHS,34.68297333,-118.57693805
LI,34.6690388,-92.30539661
LIB,35.81162147,-79.61259191
LIH,21.96527133,-159.3380998
LIN,38.07458047,-121.00385797
LIT,34.67767288,-92.18052825
LJT,43.10977461,-88.03728147
LK,38.14480266,-85.63339361
LKG,32.17447833,-84.10815697
LKI,46.84385102,-92.1859255
LKT,45.02131166,-114.08423666
LKV,42.49284311,-120.50710441
LKX,28.92997055,-99.85478
LLA,29.66322527,-92.3736425
LLC,40.12526258,-118.5775955
LLO,30.79633333,-98.78738888
LLW,36.26299777,-76.29803416
LMN,40.59676452,-93.967592
LMT,42.15314158,-121.72752827
LMX,37.36233972,-115.19305833
LNK,40.92379347,-96.7420095
LNR,43.29440277,-90.13314602
LNT,45.648588,-68.55033322
LNY,20.76450377,-156.96889997
LO,44.57542416,-111.19755722
LOA,31.1240175,-95.96795611
LOR,31.36158305,-85.74347166
LOZ,37.03315038,-84.11007466
LQ,39.91190272,-89.60316836
LRD,27.47873733,-99.41767891
LRF,34.918064,-92.15766797
LRP,40.11997552,-76.29129536
LSE,43.87612233,-91.25599338
LSF,32.33229444,-84.99311666
LSU,30.48513375,-91.29406661
LSV,36.24465555,-115.02508333
LTJ,45.71358333,-121.10083333
LTS,34.66292777,-99.27116666
LUA,38.69931797,-78.47236075
LUF,33.53768055,-112.38021111
LUK,39.10725466,-84.422842
LUR,68.87125441,-166.07600402
LVD,56.46770888,-133.08311361
LVL,36.81803583,-77.90296805
LVM,45.70248158,-110.44245175
LVT,36.58450944,-85.16662305
LVZ,41.27279891,-75.68946622
LW,37.78227202,-80.468557
LWB,37.86386472,-80.39181752
LWL,41.14480277,-114.97751111
LWM,42.7404183,-71.09485027
LWT,47.05297008,-109.60616813
LWV,38.76986819,-87.60382755
LY,37.2624225,-79.24313052
LYH,37.25457702,-79.23638052
LYZ,30.97235883,-84.52496963
MA,44.23712438,-85.5471725
MA,31.98809611,-102.32515169
MAD,41.31386111,-72.69220277
MAF,32.00934505,-102.19038863
MAF,31.94095833,-102.20180555
MAI,30.78619575,-85.12446688
MAJ,7.06528177,171.26858513
MAM,25.77083888,-97.52390555
MAP,37.59076527,-91.78856972
MAW,36.55511416,-89.91142194
MAZ,18.25375805,-67.15248527
MAZ,18.25645258,-67.15103375
MB,44.27076375,-86.14274627
MB,43.46149802,-84.1798328
MBL,44.27064166,-86.25404441
MBS,43.53164825,-84.07730305
MBW,41.84552222,-106.00428388
MC,31.25450772,-90.51041625
MCB,31.30445277,-90.25820305
MCC,38.66739466,-121.40416138
MCF,27.86116111,-82.51351111
MCG,62.95103219,-155.61138
MCI,39.28528333,-94.73706111
MCK,40.17996341,-100.54478513
MCK,40.20379725,-100.59422566
MCM,39.65404716,-92.48213647
MCN,32.69118511,-83.64718336
MCW,43.09475708,-93.32987236
MD,37.87023911,-89.24554241
MD,40.24638775,-76.90069525
MDO,59.42180444,-146.350015
MDT,40.19739,-76.76360952
MDY,28.20413888,-177.37919444
ME,34.73319144,-79.44370491
MEI,32.37843902,-88.80426747
MEM,35.01510577,-89.98320161
MEM,35.04994444,-89.98141666
MF,40.7663278,-82.44515097
MF,26.25383638,-98.31049347
MFD,40.86861211,-82.5909615
MFE,26.17387663,-98.24078641
MFR,42.35847222,-122.86641666
MG,32.31161519,-86.51063447
MGM,32.22228161,-86.31972708
MGR,31.08226841,-83.80421566
MGW,39.55671525,-79.8604123
MHE,43.77702166,-98.03756547
MHF,29.54634305,-94.74751277
MHK,39.14544325,-96.66872877
MHT,42.86852991,-71.3695345
MHZ,32.43406944,-90.09977222
MIB,48.41539166,-101.36612222
MIE,40.23729258,-85.39403652
MIJ,40.1917,-112.92225277
MIP,41.02339191,-76.66528994
MJ,42.86416852,-71.52884058
MJF,33.0662668,-96.06139319
MKC,39.12319722,-94.59806666
MKG,43.1692528,-86.039378
MKK,21.13811111,-157.16741666
MKL,35.60356538,-88.91042936
MKT,44.21990669,-93.9123563
ML,32.45406177,-92.10434222
MLB,28.10528222,-80.63534
MLC,34.84944091,-95.78234422
MLD,42.19990027,-112.451235
MLF,38.36035555,-113.01323277
MLP,47.45690305,-115.646045
MLS,46.38222658,-105.95353366
MLT,45.58670919,-68.515463
MLU,32.51687938,-92.03601397
MMB,36.3437325,-99.88012194
MMJ,40.488,-80.19383333
MML,44.44841227,-95.82476191
MMM,36.76925247,-114.2774523
MMT,33.92409444,-80.80234444
MNI,33.58789486,-80.20612963
MNL,61.1242263,-146.3522403
MNM,45.18015272,-87.6471653
MOB,30.76062652,-88.30321972
MOD,37.62737444,-120.95786847
MOG,41.72727091,-122.48168566
MOL,37.90052472,-79.10688916
MON,33.56198013,-91.71543916
MOP,43.62282608,-84.73726527
MOS,64.69652463,-162.07126791
MOT,48.26033577,-101.28707108
MOX,45.56541733,-95.96933277
MPV,44.08547697,-72.44936313
MQG,46.38155775,-116.86951025
MQI,35.91531936,-75.69505233
MQO,35.25225508,-120.7595665
MQP,32.72618055,-97.99744166
MRB,39.38557222,-77.84835611
MRF,30.29837247,-103.95475516
MRI,61.21699433,-149.84431977
MRN,35.79599111,-81.62459611
MS,44.85411802,-74.91577436
MSL,34.70686847,-87.49151716
MSN,43.14483491,-89.33969683
MSO,46.90796677,-114.08365227
MSP,44.89649883,-93.23653158
MSP,44.89027777,-93.22944444
MSQ,38.45432405,-77.90528463
MSS,44.91442161,-74.722718
MT,44.19972277,-87.70222138
MTC,42.61288833,-82.83177097
MTJ,38.50643661,-107.89928855
MTO,39.47789166,-88.28620833
MTQ,33.42533833,-90.98210388
MTU,40.14909575,-110.12702819
MTW,44.12849863,-87.67991816
MUE,19.99805555,-155.66986111
MUO,43.04048888,-115.87460277
MVA,38.56529944,-118.03285333
MVC,31.4593255,-87.35253816
MVE,44.97267552,-95.71219233
MVY,41.39621469,-70.61271588
MW,37.8390833,-88.97081872
MW,39.57818522,-84.32353113
MW,47.11571113,-119.27450944
MWA,37.75437894,-89.01180327
MWH,47.21086333,-119.31681677
MXE,39.91805002,-75.6708215
MXF,32.37936666,-86.36835555
MXQ,39.42969525,-83.8012395
MYS,37.89406611,-86.2445275
MYV,39.09864475,-121.57305752
MZB,32.78220741,-117.22542138
MZV,41.32092102,-90.63821433
MZZ,40.49333066,-85.67925
NBC,32.47903338,-80.71733172
NBS,22.03763972,-159.78519894
NCA,34.70714163,-77.44030152
NEL,40.0448698,-74.3354823
NEL,40.0369713,-74.35314305
NFG,33.27458611,-117.38638888
NFL,39.41690833,-118.705075
NFW,32.77139055,-97.43930333
NGF,21.45620277,-157.75676111
NGP,27.68627658,-97.29474413
NGS,30.61515555,-86.93736666
NGU,36.94004461,-76.27728191
NHK,38.28595636,-76.40325205
NHK,38.28104719,-76.41063433
NID,35.68791736,-117.69049663
NIP,30.23485,-81.67505555
NJK,32.83176377,-115.68117144
NKT,34.90226438,-76.87479491
NKX,32.86973963,-117.15487691
NLC,36.34411816,-119.96633525
NMM,32.57833888,-88.54523055
NOG,27.89532463,-98.04262755
NPA,30.3579408,-87.31650333
NQI,27.49923777,-97.80560072
NQX,24.58024722,-81.68245
NRB,30.38861469,-81.42307647
NRR,18.23575277,-65.64372777
NRS,32.56417497,-117.10975491
NSD,32.87989722,-118.44090833
NSE,30.72400555,-87.01805555
NSI,33.23507694,-119.45839783
NTD,34.12328608,-119.12197911
NTU,36.82422258,-76.03704644
NUC,33.02693263,-118.57960294
NUN,30.47214169,-87.3359
NUQ,37.43241447,-122.0575848
NUW,48.35493447,-122.66178811
NYL,32.64680055,-114.613455
NZY,32.70258847,-117.21623433
OA,34.75051872,-77.704478
OAB,38.75623747,-109.74929077
OAK,37.72592555,-122.2235918
OAL,38.00326138,-117.77044583
OBH,41.37573555,-98.35359527
OBK,42.22137652,-87.95167038
OBN,18.43825,-72.27445277
OC,31.48555555,-94.72019444
OCC,59.54363908,-139.72817058
OCF,29.17747713,-82.22633383
OCN,33.24063375,-117.41772075
OCS,41.59021111,-109.01532855
ODF,34.69587277,-83.29766111
ODG,36.37377047,-97.78812366
ODI,43.91232916,-91.46751616
ODK,57.775036,-152.33983997
ODX,41.62374386,-98.94800591
OED,42.47957422,-122.91293355
OFF,41.11723055,-95.90000833
OFK,41.98792841,-97.43456936
OG,44.70150758,-75.35294708
OGD,41.224095,-112.09824083
OGG,20.90647208,-156.42095136
OHY,31.99784472,-83.8617905
OI,42.4601093,-96.46222463
OIN,39.82953441,-100.53771711
OKC,35.37089444,-97.60198333
OKK,40.52777994,-86.05799861
OKM,35.69307433,-95.86595436
OKS,41.40113888,-102.35086111
OKW,33.2378638,-87.2498653
OLK,41.2469075,-85.49739722
OLM,46.97163888,-122.90183333
OLS,31.41495419,-110.84889772
OLU,41.45003158,-97.34081966
OLY,38.71821733,-88.17263758
OMA,41.29550555,-95.88688888
OME,64.48510891,-165.25317372
OMN,29.30325055,-81.11269825
ONL,42.4704988,-98.68692738
ONM,34.3389,-106.82046944
ONP,44.57534972,-124.06059361
OOC,31.65744472,-93.07760777
OOD,39.63607752,-75.30305627
OOM,39.1438218,-86.61301838
OQA,36.42652611,-79.82975916
OQK,67.57011188,-162.97262566
ORF,36.89190469,-76.20032705
ORH,42.26691666,-71.86861666
ORL,28.54272266,-81.33501477
ORT,62.94719941,-141.91260808
ORW,41.55640372,-71.9993533
OS,40.07361616,-83.19806075
OS,43.87386111,-88.5575988
OSE,60.79130869,-161.87275969
OSH,43.99043022,-88.55593255
OSI,37.3925,-122.28130277
OSW,37.15751111,-95.20363333
OT,43.61740988,-95.464099
OTB,34.22383152,-88.79735855
OTG,43.64677558,-95.58183377
OTH,43.41550677,-124.1685215
OTK,30.78044602,-83.27972694
OTM,41.02914588,-92.32590633
OTO,35.07226872,-105.9360808
OTT,38.70587088,-76.74474594
OTZ,66.88568202,-162.53993741
OVR,41.1671668,-95.73685322
OWB,37.74355508,-87.16593672
OXI,41.32205877,-86.64928852
OZB,40.87034611,-100.00376302
OZR,31.26894722,-85.72631111
PAE,47.91983322,-122.27780177
PAM,30.07400855,-85.57240902
PAN,34.25442733,-111.33521447
PBF,34.24675852,-91.92617636
PBI,26.680055,-80.08648986
PCU,30.56116597,-89.73048816
PDK,33.87563172,-84.29881377
PDN,56.95428333,-158.64756666
PDT,45.69842077,-118.93871044
PDX,45.596625,-122.60377222
PDZ,33.91833688,-117.52999713
PEQ,31.46931433,-103.5747543
PER,36.74653,-97.16015555
PFO,29.14523972,-100.42757694
PGA,36.93104475,-111.44744277
PGO,34.68046458,-94.6090023
PGS,35.62471194,-113.54446666
PGV,35.64002138,-77.38266
PGY,32.61033997,-116.97910002
PH,43.52703083,-70.09143416
PH,42.84303283,-82.59664602
PHK,26.78274238,-80.69143238
PHL,39.86528055,-75.23365
PHP,44.05823958,-101.66419322
PHX,33.43535494,-112.00791383
PI,40.60561797,-89.59324977
PI,27.99524052,-82.70383333
PIA,40.68006955,-89.79275325
PIE,27.90776438,-82.68430919
PIH,42.87038452,-112.65222961
PIK,30.34252222,-95.40587777
PIO,32.52920222,-105.30524083
PIR,44.39455641,-100.16280897
PJM,18.03783777,-63.11827194
PK,38.75322008,-94.73684675
PK,46.83403825,-94.97556263
PK,39.25401155,-81.48494233
PKD,46.89808586,-95.07100983
PKE,34.10197277,-114.68206638
PLL,41.96564166,-89.52422027
PLN,45.63064638,-84.66410838
PLT,41.49656277,-97.38177936
PMD,34.63139836,-118.06382241
PMM,42.46603383,-86.10480811
PMV,40.94378888,-95.91246944
PN,36.82503333,-97.10053916
PNA,18.57015277,-68.37044444
PND,45.63026836,-123.04581016
PNH,35.23506208,-101.69903088
PNI,6.98232897,158.2020643
PNN,45.32920261,-67.70418608
PNT,40.82120055,-88.73350916
POA,19.54114,-154.97222777
POB,35.16842222,-79.01957222
POE,30.97852361,-93.16349333
POE1,31.11102,-93.219885
POM,34.07838783,-117.78707313
PPR,16.26519444,-61.54013888
PQI,46.77418566,-68.09454716
PR,54.26335444,-130.42393833
PRB,35.67246263,-120.62710755
PRC,34.65166666,-112.42138888
PRX,33.54237858,-95.44829027
PSB,40.91625888,-77.99271694
PSC,46.27026602,-119.11729388
PSI,42.70085963,-83.53277319
PSK,37.08768544,-80.71288241
PSM,43.08446411,-70.83198725
PSP,33.87001358,-116.42977258
PSX,28.76441838,-96.30617977
PTA,19.75928333,-70.57041666
PTD,44.72338972,-74.88269555
PTW,40.22223183,-75.56025083
PUB,38.29425366,-104.42944741
PUC,39.60319166,-110.75352777
PUT,41.95546033,-71.84409483
PUW,46.67423986,-117.22350336
PVC,42.06881672,-70.22344333
PVD,41.72434261,-71.42964105
PVD,41.72361111,-71.42666666
PVN,21.77224166,-72.26601944
PVU,40.21493677,-111.72131963
PVW,34.08619277,-101.79018694
PWA,35.53294313,-97.64717722
PWE,40.20024211,-96.20629947
PWF,39.07670908,-84.21540255
PWL,41.76977138,-73.60055138
PWM,43.64702777,-70.30782777
PXN,36.71545861,-120.77868361
PXR,33.43301725,-111.97020183
PXV,37.92831983,-87.76237986
PYC,70.32804,-149.63533361
PYE,38.07975666,-122.8678275
PYF,31.86266305,-96.19747194
PYX,36.41234355,-100.74774408
PZD,31.65520583,-84.29310047
RAL,33.95518055,-117.44982777
RAP,43.97603836,-103.01232822
RAV,40.55339291,-76.59938072
RBA,39.850925,-95.42354722
RBG,43.18241527,-123.352242
RBJ,32.07432125,-111.36018666
RBL,40.09890972,-122.23635038
RBS,40.58170138,-88.16426777
RBV,40.20240208,-74.49502611
RBX,35.92050505,-75.69693533
RCA,44.13909358,-103.10173491
RDD,40.50456241,-122.29170113
RDR,47.95705555,-97.40602222
RDU,35.87252113,-78.78334211
RDY,39.21327777,-106.85813888
REC,40.54645916,-78.7470225
REO,42.59054861,-117.86815194
REX,26.01063055,-98.23186944
RFD,42.22557772,-89.19927222
RG,44.59782325,-92.64747994
RH,45.62810147,-89.61886638
RHI,45.63378908,-89.45778086
RIC,37.5023478,-77.32027622
RID,39.75500802,-84.83882877
RIL,39.52832177,-107.7196575
RIV,33.90646666,-117.27503888
RIW,43.06572997,-108.45553447
RKA,42.46633055,-75.23922805
RLG,40.0026375,-106.44248816
RLY,43.96413833,-107.95084008
RMG,34.16256502,-85.11940725
RNB,39.41819402,-75.13502116
RND,29.51916944,-98.285175
RNW,35.50965505,-77.10662361
RO,33.36546608,-104.44224536
ROA,37.34346275,-80.07039733
ROB,31.50380572,-97.06958361
ROC,43.11795933,-77.67279475
ROD,40.28780083,-84.04309641
ROR,7.36875616,134.55035894
ROX,48.85481388,-95.69380833
RP,45.31800386,-91.80259491
RQR,30.08750013,-90.58862525
RQY,38.89394363,-79.859415
RQZ,34.79723908,-86.63384655
RRS,31.28458733,-85.43120969
RSG,30.01460208,-100.29984505
RSK,36.74839255,-108.09889877
RST,43.7829028,-92.59696
RSW,26.52988669,-81.7757685
RU,29.95864113,-97.94900233
RU,35.73312258,-80.48956538
RUE,35.25708227,-93.09460486
RUT,43.52677036,-72.95072236
RWF,44.46727372,-95.12822988
RWO,57.77481602,-152.32458661
RYD,29.96691666,-81.65766666
RYN,32.13878802,-111.16149569
RYV,43.17367108,-88.72528041
RZC,36.24642652,-94.12139058
RZN,45.82044486,-92.37451561
RZS,34.50953197,-119.77098813
SAC,38.4437393,-121.55165286
SAC,38.50972222,-121.49444444
SAE,41.11910313,-101.77605591
SAF,35.54054097,-106.06493572
SAK,48.10828777,-114.46124444
SAM,38.48518805,-88.08580638
SAN,32.83976944,-117.25281388
SAT,29.64403,-98.4613158
SAT,29.53361944,-98.46998888
SAU,37.85533416,-122.52275222
SAV,32.1462675,-81.19910555
SAW,46.35892325,-87.39742183
SAX,41.06754127,-74.53830816
SB,34.05647197,-117.36611413
SB,41.70563941,-86.21898433
SBI,29.68671972,-94.03797861
SBJ,40.58304425,-74.74179144
SBV,36.67503858,-79.01449916
SBY,38.34500558,-75.51057427
SCB,41.60475363,-96.62883716
SCC,70.19919838,-148.41615955
SCG,48.25990472,-92.47460166
SDF,38.18765555,-85.73758611
SDO,41.40705555,-118.03472222
SDR,32.70140288,-100.94612791
SDZ,35.21548077,-79.5879368
SE,32.26982455,-86.92755005
SEA,47.43537316,-122.30961611
SEA,47.45555555,-122.30138888
SEE,32.8253275,-116.97447194
SEG,40.79085919,-76.88404152
SEY,41.16743611,-71.57608611
SFF,47.68045,-117.31993333
SFK,41.69525319,-77.41990577
SFL,31.74811583,-105.08681
SFO,37.61948513,-122.37389347
SFO,37.62031583,-122.3656463
SG,44.39851905,-88.13275941
SGD,38.17936216,-122.37315261
SGF,37.35594713,-93.33404452
SGH,39.83654091,-83.84495547
SGJ,29.95672988,-81.33021466
SH,38.20179888,-78.95731125
SHB,39.63254236,-85.82431633
SHP,33.98271111,-98.48767222
SHR,44.84229997,-107.06110027
SHV,32.4475,-93.83638888
SHY,38.0406168,-92.60241202
SIE,39.095509,-74.80034394
SIF,36.38170522,-79.7627828
SIT,56.85461972,-135.53435305
SJ,31.27973591,-100.57623113
SJ,18.40890894,-66.08955838
SJC,37.37471216,-121.94466858
SJI,30.72597991,-88.359294
SJN,34.42404166,-109.14353055
SJT,31.37495561,-100.45487027
SJU,18.44628058,-65.98950755
SKA,47.61011944,-117.66206944
SKB,17.29518333,-62.74400555
SKE,38.54536177,-89.85164575
SKU,41.52801027,-74.04497472
SKU,41.52801027,-74.04497472
SL,44.84743352,-122.95101861
SL,38.68153733,-97.64502038
SLC,40.76792894,-111.96720525
SLG,36.18924666,-94.48854944
SLI,33.78330108,-118.05475844
SLK,44.38455988,-74.20450597
SLN,38.92513808,-97.62133225
SLP,35.25267777,-81.59879722
SLR,33.19861111,-95.54277777
SLT,41.51275944,-77.97010972
SMA,62.05938677,-163.28190269
SMF,38.69080691,-121.59100191
SMO,34.01024491,-118.4567155
SMS,33.99079822,-80.36002536
SN,15.11147644,145.71029597
SNA,33.67666666,-117.86916666
SNS,36.66383744,-121.60318413
SNY,41.09668241,-102.98299272
SOA,30.58180577,-100.6469333
SOK,21.9003925,-159.52887305
SOT,35.79009916,-83.05236916
SP,43.23400458,-95.32789319
SP,39.77314855,-89.75986636
SPA,35.03362588,-81.92701
SPI,39.83973316,-89.67773577
SPS,33.98728736,-98.59347188
SPW,43.1621768,-95.20099183
SPY,57.15699908,-170.23299205
SQ,39.77710997,-85.12988966
SQA,61.09857975,-155.63457947
SQM,56.46458083,-133.097375
SQS,33.46384936,-90.27735055
SRI,56.57190638,-169.64756141
SRQ,27.4070155,-82.56366241
SSC,33.97785555,-80.46624444
SSF,29.25838263,-98.44348033
SSI,31.05051427,-81.44596252
SSM,46.41211019,-84.31487161
SSO,32.269245,-109.2630875
SSR,58.17766102,-135.2588625
ST,17.69196633,-64.88474597
ST,45.47894472,-93.96868405
ST,39.67580302,-94.90692536
STC,45.54930694,-94.05859975
STJ,39.9605775,-94.92522027
STL,38.8607233,-90.48234888
STL,38.74326025,-90.36600158
STP,44.94083333,-93.05944444
STS,38.50818675,-122.8106173
STT,18.35581752,-65.02455466
STV,30.20675944,-98.70575527
STW,40.99581972,-74.86903027
SU,38.63909941,-90.76690002
SUG,35.40650638,-82.26861416
SUR,31.61322102,-83.29048686
SUU,38.24555902,-121.94507597
SUX,42.34451552,-96.32364402
SVC,32.63768527,-108.16106722
SVM,42.40864041,-83.59390152
SVN,32.01194305,-81.14086388
SW,41.48580136,-74.22802225
SW,36.23618505,-97.08725838
SW,48.86275194,-95.24187733
SWB,31.97319444,-92.67708888
SWL,38.05659413,-75.46390105
SWO,36.22424658,-97.08125808
SWR,39.18032277,-120.26961222
SXC,33.37505583,-118.41990972
SXW,39.62947886,-106.99116988
SYA,52.72199722,174.06028611
SYA,52.71827222,174.06208333
SYI,35.56197472,-86.43914952
SYR,43.160519,-76.2045585
SYZ,39.40652261,-88.84355466
SZL,38.7357,-93.55043055
SZT,48.29064038,-116.56321211
SZW,30.55622719,-84.37394211
TAL,65.17712463,-152.17754902
TAS,36.60876888,-105.90632027
TAY,30.50463777,-82.55290333
TBC,36.12131194,-111.26958777
TBD,29.66432222,-90.82909305
TBE,37.2586575,-103.60005583
TBN,37.74243183,-92.13899433
TCC,35.18220591,-103.59858083
TCH,40.85025913,-111.98190558
TCM,47.14766944,-122.47503888
TCS,33.28250219,-107.28054597
TCU,42.03393222,-83.88633
TDD,41.98167713,-100.72030072
TDG,33.57515183,-86.04268563
TDT,41.71303194,-79.41727055
TEB,40.84872427,-74.06223711
TEC,37.2086075,-80.40343597
TED,61.1678665,-149.96014422
TFD,32.88585436,-111.90873452
TGE,32.48486805,-85.66931847
THS,39.93322805,-77.95094444
THX,28.50499725,-98.15046675
TII,41.0946655,-83.21497113
TIJ,32.54044166,-116.9527
TIK,35.43650805,-97.37969138
TKA,62.29837808,-150.10525008
TKH,32.24531822,-91.02582527
TKK,7.45896211,151.84182127
TKO,39.80640861,-98.26003666
TNC,65.56173055,-167.92480277
TNP,34.11223452,-115.769905
TNU,41.78388419,-93.10903241
TNV,30.2885265,-96.05823986
TNZ,36.20693922,-90.92311819
TO,41.55343788,-83.92116747
TO,39.12036558,-95.68708363
TOG,59.06387519,-160.37566725
TOI,31.83079786,-86.10595108
TOL,41.59370208,-83.79936352
TOP,39.13707777,-95.54916922
TOR,42.06578641,-104.1533645
TOU,48.29989916,-124.62704333
TOY,38.73914961,-89.91859258
TPH,38.03064402,-117.0335035
TPL,31.20933583,-97.42496694
TQA,32.23574305,-99.81678277
TQQ,37.79039933,-116.77926577
TR,36.5554975,-82.31785344
TRI,10.59513888,-61.42230555
TRM,33.62809658,-116.16019355
TRV,27.67841666,-80.48972222
TST,42.55877138,-103.31214638
TT,34.5058173,-91.5817748
TTE,35.91305116,-119.02080955
TTH,39.48894175,-87.249013
TTT,32.86915972,-97.04050241
TU,36.09742525,-95.88876552
TU,34.18035302,-88.76867844
TUL,36.19625341,-95.78809038
TUL,36.20009444,-95.88360277
TUS,32.09520266,-110.91485502
TUT,-14.33213783,-170.71951075
TUT,-14.3325918,-170.70827663
TV,44.73455347,-85.42904608
TVC,44.66791586,-85.55001119
TVF,48.06931266,-96.18647447
TW,42.47863761,-114.35444133
TWF,42.47985033,-114.48945827
TX,34.01991725,-83.86285747
TX,33.52403497,-93.90591997
TXC,39.6983175,-103.21493861
TXK,33.513882,-94.0732375
TXO,34.49512669,-102.83966327
TYI,35.97672361,-77.70373166
TYR,32.35586741,-95.40346538
TYS,35.81625,-83.99590555
UAM,13.59121944,144.94657777
UBG,45.35323286,-122.97814722
UC,36.29760019,-88.99486708
UCA,43.02651416,-75.16452194
UCP,41.02300963,-80.4158433
UG,42.46389511,-87.80135558
UGS,39.25725966,-82.12597041
UI,39.88689027,-91.25367486
UIM,32.88048163,-95.36689141
UIN,39.84787469,-91.27892447
UJM,34.57504661,-90.67440141
UKN,43.28008547,-91.53736183
UKS,5.35307133,162.95691569
UKW,33.53588688,-97.82127855
ULL,63.69232972,-170.46990305
UMB,33.15186944,-83.15956388
UNK,63.89194036,-160.68427455
UNZ,13.4545475,144.733323
UOT,34.684,-81.64233333
UPP,20.20054111,-155.84326666
UQN,32.22366875,-82.29744752
URH,33.94418427,-96.39183652
UTI,37.01761944,-113.5179
UTO,65.99516136,-153.69375944
UTX,26.90897416,-80.33504861
UU,35.01561716,-88.61573888
UUC,40.90401666,-117.80193888
UV,36.5900943,-79.91746522
UV,34.38509102,-89.62597672
UWL,39.87997175,-85.31884008
UZ,34.89002516,-81.08092369
VAD,30.96008333,-83.19345277
VAN,33.47483,-80.44864277
VBG,34.73255441,-120.5830578
VBI,49.47694444,-94.04666666
VCN,39.53767111,-74.96714388
VCT,28.90031661,-96.97893055
VCV,34.59416369,-117.38999836
VEL,40.37888252,-109.49328408
VGT,36.21003333,-115.18926944
VHP,39.81472905,-86.36749977
VIH,38.15407194,-91.70677194
VIO,42.78671727,-85.49707277
VIT,37.20406183,-79.88163508
VKZ,25.75190152,-80.15444344
VLA,39.093775,-89.16236666
VNA,32.21344277,-83.49725638
VNN,38.36195377,-88.80733697
VNY,34.2234585,-118.49167438
VOK,43.94283333,-90.25904722
VP,41.45122702,-86.87732169
VQK,38.76594141,-77.02739402
VTN,42.861623,-100.54964441
VTU,34.11506461,-119.04949866
VU,35.4891645,-80.08341375
VUH,29.26933441,-94.86772522
VUZ,33.67013233,-86.89983716
VV,39.88277055,-79.74471166
VV,33.64641111,-83.02176666
VXV,35.90483869,-83.89472038
WLK,66.59947608,-159.99082841
WRB,32.641,-83.590575
WVI,36.93920263,-121.78544316
WYS,44.67576944,-111.12816944
XAA,31.01389444,-104.20689722
XCR,46.07922555,-94.34347555
XKD,34.78300555,-81.19830833
XSF,39.83812986,-83.84062538
XUB,39.52688391,-82.97794091
XYC,37.75799777,-84.03023055
YAK,59.51083105,-139.64812733
YBC,49.13402161,-68.22203011
YBR,49.9099975,-99.9456625
YCD,49.12787027,-123.87160527
YDC,49.38155416,-120.37371833
YDP,56.5337988,-61.69177772
YIP,42.2342363,-83.52271533
YJX,45.92505627,-70.84603844
YKM,46.57024361,-120.44463677
YKN,42.91837475,-97.38497713
YN,41.20053022,-80.59617975
YNG,41.33102416,-80.67465608
YOC,67.57117472,-139.84623833
YOW,45.44170305,-75.89693444
YP,9.49946305,138.08848347
YQL,49.63439922,-112.66778469
YQT,48.2537675,-89.43757694
YRK,38.64413333,-82.97833888
YTS,48.57207236,-81.37004827
YUC,48.01712777,-71.26928055
YUL,45.61583333,-73.97083333
YVO,48.17508055,-77.82075555
YVR,49.07731944,-123.14907222
YVV,44.744725,-81.10531944
YWL,52.23694444,-122.16972222
YXC,49.55498583,-116.08770277
YXL,50.11805555,-91.89777777
YXU,43.03791055,-81.14892961
YXY,60.61888888,-135.13888888
YYC,51.11525277,-113.88203055
YYJ,48.72704027,-123.48435972
YYR,53.31972222,-60.29472222
YYY,48.61214305,-68.20898666
YYZ,43.65802041,-79.6314313
YZP,53.25222083,-131.80697222
YZT,50.68451688,-127.36596352
ZBV,25.70416666,-79.29444444
ZFP,26.51839166,-78.77506666
ZFP,26.55534722,-78.69784722
ZQA,25.0255,-77.44641666
ZSJ,24.06156111,-74.53481111
ZTC,26.73472222,-77.37916666
ZUN,34.96575333,-109.15450944
ZZV,39.94085863,-81.89260241
